Worker 1,Worker 2,Correlation
vpugh,anthonymiller,0.03166586014712256
vpugh,jbrown,0.23965519988024758
vpugh,hrobertson,-0.15972833665124198
vpugh,bairdsarah,-0.1318474985840662
anthonymiller,jbrown,0.006870608136167197
anthonymiller,hrobertson,0.020619515709417693
anthonymiller,bairdsarah,-0.06961086241665762
jbrown,hrobertson,-0.009886040540523566
jbrown,bairdsarah,-0.09988988801945867
hrobertson,bairdsarah,-0.043203802361506116
